{"performance/RLTrainFPS": 9855.03642686648, "performance/EnvStepFPS": 83.39952720034921, "losses/actor_loss": 0.022380543872714043, "losses/bounds_loss": 0.5172895193099976, "losses/critic_loss": 0.3492051362991333, "losses/entropy": 7.3155670166015625, "info/last_lr": 0.006666666666666665, "info/e_clip": 0.2, "info/kl": 0.01177757978439331, "_timestamp": 1685186034.563375, "metrics/episode_rewards_per_step": 1.8746586190143102, "metrics/episode_lengths_per_step": 91.32394538127201, "_runtime": 98.80540895462036, "_step": 7936, "_wandb": {"runtime": 97}}